,frame_number,face_id,gender,race
0,9.0,0.0,Man,white
0,33.0,1.0,Man,latino hispanic
0,45.0,2.0,Man,white
0,49.0,3.0,Man,black
0,53.0,4.0,Man,white
0,65.0,5.0,Man,white
0,69.0,6.0,Woman,asian
1,69.0,7.0,Man,white
0,93.0,8.0,Man,latino hispanic
0,97.0,9.0,Man,white
0,101.0,10.0,Man,white
0,105.0,11.0,Man,middle eastern
0,109.0,12.0,Man,white
0,113.0,13.0,Man,asian
0,161.0,14.0,Man,white
0,173.0,15.0,Man,white
0,177.0,16.0,Man,white
0,181.0,17.0,Man,white
0,193.0,18.0,Woman,white
0,197.0,19.0,Woman,white
0,201.0,20.0,Man,white
0,205.0,21.0,Man,white
0,209.0,22.0,Man,white
0,213.0,23.0,Man,white
0,217.0,24.0,Woman,white
0,221.0,25.0,Man,white
0,225.0,26.0,Man,white
0,229.0,27.0,Man,white
0,241.0,28.0,Man,white
0,253.0,29.0,Man,white
0,257.0,30.0,Man,white
1,257.0,31.0,Woman,white
2,257.0,32.0,Man,asian
0,261.0,33.0,Man,white
0,265.0,34.0,Man,white
0,277.0,35.0,Man,white
0,281.0,36.0,Woman,white
1,281.0,37.0,Man,white
2,281.0,38.0,Man,white
0,285.0,39.0,Woman,white
0,289.0,40.0,Man,white
0,293.0,41.0,Man,white
0,297.0,42.0,Man,white
1,297.0,43.0,Man,white
0,301.0,44.0,Man,white
0,309.0,45.0,Man,asian
0,313.0,46.0,Man,white
0,317.0,47.0,Man,white
0,321.0,48.0,Man,white
0,325.0,49.0,Man,white
0,329.0,50.0,Man,white
0,333.0,51.0,Man,white
0,337.0,52.0,Man,white
0,341.0,53.0,Man,white
0,345.0,54.0,Man,white
0,349.0,55.0,Man,white
0,353.0,56.0,Man,white
0,357.0,57.0,Man,white
0,361.0,58.0,Man,white
0,365.0,59.0,Man,white
0,369.0,60.0,Man,white
0,373.0,61.0,Man,white
0,377.0,62.0,Man,white
0,381.0,63.0,Man,white
0,385.0,64.0,Man,white
1,385.0,65.0,Man,white
0,389.0,66.0,Man,white
0,401.0,67.0,Man,white
1,401.0,68.0,Man,white
2,401.0,69.0,Man,white
3,401.0,70.0,Man,latino hispanic
0,409.0,71.0,Man,white
0,413.0,72.0,Man,white
0,421.0,73.0,Woman,asian
1,421.0,74.0,Woman,white
0,437.0,75.0,Man,white
0,441.0,76.0,Man,white
0,449.0,77.0,Man,white
0,453.0,78.0,Woman,white
0,465.0,79.0,Man,white
0,469.0,80.0,Man,white
0,489.0,81.0,Man,white
0,493.0,82.0,Man,white
0,497.0,83.0,Man,white
0,501.0,84.0,Man,white
0,513.0,85.0,Man,white
0,521.0,86.0,Man,white
0,593.0,87.0,Man,middle eastern
0,597.0,88.0,Man,white
0,601.0,89.0,Man,white
0,657.0,90.0,Man,middle eastern
1,657.0,91.0,Man,asian
0,673.0,92.0,Man,latino hispanic
0,697.0,93.0,Man,middle eastern
0,709.0,94.0,Man,white
0,725.0,95.0,Man,white
0,753.0,96.0,Man,white
0,781.0,97.0,Man,white
0,813.0,98.0,Man,white
0,841.0,99.0,Man,white
0,885.0,100.0,Woman,white
1,885.0,101.0,Man,middle eastern
0,889.0,102.0,Woman,white
0,893.0,103.0,Woman,white
0,905.0,104.0,Man,white
1,905.0,105.0,Man,white
0,921.0,106.0,Woman,white
0,925.0,107.0,Man,black
0,929.0,108.0,Woman,latino hispanic
0,933.0,109.0,Man,white
1,933.0,110.0,Man,white
0,937.0,111.0,Man,white
1,937.0,112.0,Man,white
0,941.0,113.0,Woman,white
0,953.0,114.0,Man,black
0,957.0,115.0,Man,white
0,961.0,116.0,Woman,white
0,965.0,117.0,Man,latino hispanic
0,969.0,118.0,Woman,white
0,973.0,119.0,Man,white
0,977.0,120.0,Man,white
0,981.0,121.0,Man,black
0,985.0,122.0,Man,white
0,989.0,123.0,Man,white
0,997.0,124.0,Man,black
0,1001.0,125.0,Man,black
0,1005.0,126.0,Woman,white
0,1009.0,127.0,Man,white
1,1009.0,128.0,Man,white
0,1013.0,129.0,Woman,middle eastern
1,1013.0,130.0,Man,asian
0,1017.0,131.0,Man,white
0,1025.0,132.0,Woman,white
0,1029.0,133.0,Woman,white
0,1033.0,134.0,Woman,white
0,1037.0,135.0,Woman,white
0,1041.0,136.0,Man,white
0,1049.0,137.0,Woman,middle eastern
1,1049.0,138.0,Man,middle eastern
0,1053.0,139.0,Man,white
1,1053.0,140.0,Man,middle eastern
0,1057.0,141.0,Man,white
1,1057.0,142.0,Man,middle eastern
0,1061.0,143.0,Man,black
1,1061.0,144.0,Man,white
2,1061.0,145.0,Man,asian
0,1065.0,146.0,Woman,white
0,1069.0,147.0,Woman,white
0,1073.0,148.0,Man,white
0,1077.0,149.0,Man,white
1,1077.0,150.0,Man,asian
0,1081.0,151.0,Man,white
0,1085.0,152.0,Man,white
1,1085.0,153.0,Man,asian
0,1089.0,154.0,Man,white
0,1097.0,155.0,Man,black
0,1101.0,156.0,Man,latino hispanic
0,1141.0,157.0,Man,white
0,1149.0,158.0,Man,white
0,1161.0,159.0,Woman,white
0,1173.0,160.0,Man,white
0,1177.0,161.0,Man,white
1,1177.0,162.0,Man,white
0,1181.0,163.0,Woman,white
0,1185.0,164.0,Woman,white
1,1185.0,165.0,Man,asian
0,1189.0,166.0,Woman,white
0,1193.0,167.0,Man,white
0,1201.0,168.0,Woman,white
1,1201.0,169.0,Man,white
0,1205.0,170.0,Woman,white
1,1205.0,171.0,Man,white
0,1209.0,172.0,Woman,white
1,1209.0,173.0,Man,white
0,1253.0,174.0,Man,white
0,1269.0,175.0,Man,white
0,1289.0,176.0,Woman,white
0,1305.0,177.0,Man,white
0,1309.0,178.0,Man,latino hispanic
0,1313.0,179.0,Man,white
0,1317.0,180.0,Woman,white
0,1321.0,181.0,Man,white
1,1321.0,182.0,Man,white
0,1325.0,183.0,Man,white
1,1325.0,184.0,Man,latino hispanic
0,1329.0,185.0,Woman,white
1,1329.0,186.0,Man,latino hispanic
0,1333.0,187.0,Man,white
0,1353.0,188.0,Man,white
0,1357.0,189.0,Man,white
0,1361.0,190.0,Man,white
0,1369.0,191.0,Man,white
0,1373.0,192.0,Man,middle eastern
0,1377.0,193.0,Man,white
0,1381.0,194.0,Man,white
0,1385.0,195.0,Man,white
0,1389.0,196.0,Man,white
0,1393.0,197.0,Man,white
0,1397.0,198.0,Man,white
0,1401.0,199.0,Man,white
0,1405.0,200.0,Man,white
0,1409.0,201.0,Man,white
0,1413.0,202.0,Man,white
0,1417.0,203.0,Man,white
0,1421.0,204.0,Man,white
0,1425.0,205.0,Man,white
0,1433.0,206.0,Man,white
0,1445.0,207.0,Man,white
0,1465.0,208.0,Man,black
0,1469.0,209.0,Man,white
0,1473.0,210.0,Man,white
0,1477.0,211.0,Man,white
0,1481.0,212.0,Man,white
0,1485.0,213.0,Man,white
0,1493.0,214.0,Man,latino hispanic
0,1501.0,215.0,Woman,white
0,1509.0,216.0,Man,white
0,1513.0,217.0,Man,white
0,1521.0,218.0,Woman,latino hispanic
0,1537.0,219.0,Man,asian
0,1541.0,220.0,Man,white
0,1545.0,221.0,Woman,latino hispanic
0,1549.0,222.0,Woman,white
0,1553.0,223.0,Man,white
0,1557.0,224.0,Woman,latino hispanic
0,1565.0,225.0,Woman,latino hispanic
0,1577.0,226.0,Man,latino hispanic
0,1581.0,227.0,Man,white
0,1597.0,228.0,Man,white
0,1601.0,229.0,Man,white
0,1605.0,230.0,Man,white
1,1605.0,231.0,Man,white
0,1609.0,232.0,Man,white
0,1613.0,233.0,Man,white
0,1617.0,234.0,Man,white
0,1621.0,235.0,Man,white
0,1629.0,236.0,Man,middle eastern
0,1633.0,237.0,Man,latino hispanic
0,1637.0,238.0,Man,white
0,1645.0,239.0,Man,white
0,1649.0,240.0,Man,white
0,1677.0,241.0,Man,white
0,1681.0,242.0,Woman,white
0,1685.0,243.0,Woman,white
0,1689.0,244.0,Woman,white
0,1693.0,245.0,Man,white
0,1697.0,246.0,Woman,white
0,1701.0,247.0,Woman,white
0,1709.0,248.0,Man,white
0,1713.0,249.0,Woman,white
1,1713.0,250.0,Man,white
0,1717.0,251.0,Man,white
0,1745.0,252.0,Woman,white
1,1745.0,253.0,Man,white
0,1761.0,254.0,Man,white
1,1761.0,255.0,Man,white
2,1761.0,256.0,Man,white
0,1765.0,257.0,Man,white
1,1765.0,258.0,Man,white
2,1765.0,259.0,Man,white
0,1769.0,260.0,Man,white
0,1773.0,261.0,Man,white
0,1801.0,262.0,Woman,white
1,1801.0,263.0,Man,white
0,1805.0,264.0,Man,white
1,1805.0,265.0,Man,white
0,1809.0,266.0,Woman,white
1,1809.0,267.0,Man,white
0,1817.0,268.0,Man,middle eastern
0,1821.0,269.0,Man,middle eastern
0,1825.0,270.0,Man,white
1,1825.0,271.0,Man,white
0,1829.0,272.0,Man,asian
0,1833.0,273.0,Man,white
0,1837.0,274.0,Man,asian
0,1841.0,275.0,Man,white
1,1841.0,276.0,Man,white
0,1845.0,277.0,Man,white
0,1849.0,278.0,Man,asian
0,1853.0,279.0,Man,white
0,1857.0,280.0,Man,white
0,1861.0,281.0,Man,white
0,1865.0,282.0,Man,white
0,1869.0,283.0,Man,white
0,1873.0,284.0,Man,white
0,1877.0,285.0,Man,white
0,1881.0,286.0,Man,white
0,1885.0,287.0,Man,white
0,1889.0,288.0,Man,white
1,1889.0,289.0,Man,white
0,1893.0,290.0,Man,white
1,1893.0,291.0,Woman,white
0,1897.0,292.0,Man,white
1,1897.0,293.0,Man,white
2,1897.0,294.0,Man,white
0,1901.0,295.0,Man,latino hispanic
1,1901.0,296.0,Man,white
0,1905.0,297.0,Man,white
1,1905.0,298.0,Man,white
0,1917.0,299.0,Man,asian
0,1921.0,300.0,Man,white
1,1921.0,301.0,Man,white
0,1925.0,302.0,Man,white
0,1929.0,303.0,Man,white
0,1933.0,304.0,Man,latino hispanic
0,1941.0,305.0,Man,white
1,1941.0,306.0,Woman,white
0,1957.0,307.0,Man,white
1,1957.0,308.0,Woman,white
0,1985.0,309.0,Woman,white
1,1985.0,310.0,Man,white
0,1989.0,311.0,Woman,middle eastern
1,1989.0,312.0,Man,white
0,2089.0,313.0,Man,white
0,2113.0,314.0,Man,white
0,2117.0,315.0,Man,white
0,2121.0,316.0,Woman,white
0,2125.0,317.0,Man,middle eastern
0,2129.0,318.0,Woman,white
0,2149.0,319.0,Man,white
0,2153.0,320.0,Man,white
0,2157.0,321.0,Man,white
0,2161.0,322.0,Man,white
0,2277.0,323.0,Man,latino hispanic
0,2317.0,324.0,Man,white
0,2321.0,325.0,Man,white
0,2333.0,326.0,Man,middle eastern
0,2341.0,327.0,Man,middle eastern
0,2345.0,328.0,Man,white
0,2349.0,329.0,Man,white
0,2353.0,330.0,Man,white
0,2357.0,331.0,Man,latino hispanic
0,2361.0,332.0,Man,white
0,2381.0,333.0,Man,middle eastern
0,2385.0,334.0,Man,white
0,2397.0,335.0,Man,white
0,2429.0,336.0,Man,white
0,2437.0,337.0,Man,white
0,2445.0,338.0,Man,middle eastern
0,2473.0,339.0,Man,asian
0,2489.0,340.0,Man,white
0,2497.0,341.0,Man,latino hispanic
0,2549.0,342.0,Man,black
0,2553.0,343.0,Man,white
0,2589.0,344.0,Man,white
0,2593.0,345.0,Man,white
0,2609.0,346.0,Man,white
0,2621.0,347.0,Woman,white
0,2625.0,348.0,Woman,white
1,2625.0,349.0,Man,black
0,2629.0,350.0,Woman,white
0,2633.0,351.0,Man,asian
0,2637.0,352.0,Woman,white
1,2637.0,353.0,Man,black
0,2641.0,354.0,Man,middle eastern
0,2645.0,355.0,Woman,white
0,2649.0,356.0,Woman,white
0,2661.0,357.0,Woman,white
0,2665.0,358.0,Man,white
1,2665.0,359.0,Woman,black
0,2673.0,360.0,Man,white
0,2677.0,361.0,Man,white
0,2685.0,362.0,Woman,asian
0,2689.0,363.0,Man,asian
0,2705.0,364.0,Woman,latino hispanic
0,2713.0,365.0,Man,white
1,2713.0,366.0,Man,white
2,2713.0,367.0,Man,white
3,2713.0,368.0,Man,white
4,2713.0,369.0,Man,middle eastern
5,2713.0,370.0,Man,black
0,2717.0,371.0,Man,white
1,2717.0,372.0,Man,white
2,2717.0,373.0,Man,latino hispanic
3,2717.0,374.0,Man,asian
0,2721.0,375.0,Man,white
0,2729.0,376.0,Man,white
1,2729.0,377.0,Man,white
2,2729.0,378.0,Man,asian
0,2733.0,379.0,Woman,asian
1,2733.0,380.0,Man,white
2,2733.0,381.0,Man,latino hispanic
3,2733.0,382.0,Man,white
0,2737.0,383.0,Man,latino hispanic
1,2737.0,384.0,Woman,white
2,2737.0,385.0,Woman,white
3,2737.0,386.0,Man,white
0,2749.0,387.0,Man,white
0,2753.0,388.0,Man,white
1,2753.0,389.0,Man,white
0,2761.0,390.0,Woman,white
0,2765.0,391.0,Man,latino hispanic
0,2769.0,392.0,Man,white
0,2773.0,393.0,Woman,white
0,2777.0,394.0,Man,asian
0,2781.0,395.0,Woman,latino hispanic
0,2785.0,396.0,Man,asian
0,2789.0,397.0,Woman,white
0,2793.0,398.0,Man,white
0,2797.0,399.0,Man,white
0,2805.0,400.0,Woman,white
0,2813.0,401.0,Man,white
0,2817.0,402.0,Man,asian
0,2821.0,403.0,Woman,white
0,2825.0,404.0,Woman,white
0,2837.0,405.0,Woman,white
0,2841.0,406.0,Woman,white
0,2845.0,407.0,Woman,asian
1,2845.0,408.0,Man,white
0,2853.0,409.0,Man,asian
0,2857.0,410.0,Woman,white
0,2861.0,411.0,Woman,white
0,2865.0,412.0,Man,white
0,2869.0,413.0,Man,white
0,2945.0,414.0,Man,black
0,2949.0,415.0,Man,white
0,2953.0,416.0,Man,white
0,2957.0,417.0,Man,middle eastern
0,2973.0,418.0,Man,black
0,2977.0,419.0,Man,white
0,3005.0,420.0,Man,white
0,3009.0,421.0,Man,white
0,3025.0,422.0,Man,latino hispanic
1,3025.0,423.0,Man,asian
0,3029.0,424.0,Man,latino hispanic
1,3029.0,425.0,Man,white
0,3033.0,426.0,Man,white
1,3033.0,427.0,Man,asian
0,3037.0,428.0,Woman,asian
0,3041.0,429.0,Woman,white
1,3041.0,430.0,Man,asian
0,3045.0,431.0,Man,white
0,3049.0,432.0,Woman,asian
1,3049.0,433.0,Man,white
0,3053.0,434.0,Man,white
0,3085.0,435.0,Man,white
0,3109.0,436.0,Man,white
0,3113.0,437.0,Man,asian
0,3117.0,438.0,Man,asian
0,3129.0,439.0,Man,asian
0,3137.0,440.0,Man,asian
0,3165.0,441.0,Man,asian
0,3197.0,442.0,Man,latino hispanic
1,3197.0,443.0,Man,asian
0,3201.0,444.0,Man,white
0,3205.0,445.0,Man,asian
0,3209.0,446.0,Woman,asian
0,3213.0,447.0,Man,asian
0,3217.0,448.0,Man,white
0,3237.0,449.0,Woman,latino hispanic
1,3237.0,450.0,Woman,white
2,3237.0,451.0,Man,asian
0,3241.0,452.0,Woman,latino hispanic
1,3241.0,453.0,Woman,white
2,3241.0,454.0,Woman,white
0,3253.0,455.0,Man,white
0,3257.0,456.0,Man,white
1,3257.0,457.0,Man,white
0,3265.0,458.0,Man,white
0,3269.0,459.0,Man,latino hispanic
0,3277.0,460.0,Man,white
0,3281.0,461.0,Man,middle eastern
0,3285.0,462.0,Man,white
0,3289.0,463.0,Man,white
0,3293.0,464.0,Woman,white
0,3297.0,465.0,Man,white
0,3301.0,466.0,Woman,white
1,3301.0,467.0,Man,white
0,3305.0,468.0,Woman,white
1,3305.0,469.0,Man,white
0,3309.0,470.0,Man,white
0,3345.0,471.0,Man,asian
0,3353.0,472.0,Man,asian
0,3357.0,473.0,Man,asian
0,3365.0,474.0,Man,white
1,3365.0,475.0,Man,asian
0,3369.0,476.0,Man,white
1,3369.0,477.0,Man,asian
0,3373.0,478.0,Man,white
1,3373.0,479.0,Man,asian
0,3377.0,480.0,Man,white
0,3381.0,481.0,Man,white
0,3385.0,482.0,Man,white
1,3385.0,483.0,Man,asian
0,3389.0,484.0,Man,white
1,3389.0,485.0,Man,asian
0,3393.0,486.0,Man,white
1,3393.0,487.0,Man,asian
0,3397.0,488.0,Man,white
0,3401.0,489.0,Man,white
0,3405.0,490.0,Man,white
0,3409.0,491.0,Man,white
0,3413.0,492.0,Man,white
1,3413.0,493.0,Man,asian
0,3417.0,494.0,Man,white
0,3421.0,495.0,Man,white
1,3421.0,496.0,Man,latino hispanic
0,3425.0,497.0,Man,white
0,3429.0,498.0,Man,white
1,3429.0,499.0,Man,asian
0,3433.0,500.0,Man,white
1,3433.0,501.0,Man,asian
0,3445.0,502.0,Man,white
0,3449.0,503.0,Man,white
0,3453.0,504.0,Man,white
0,3457.0,505.0,Man,white
0,3461.0,506.0,Man,middle eastern
0,3465.0,507.0,Man,latino hispanic
0,3469.0,508.0,Man,white
0,3473.0,509.0,Man,white
0,3477.0,510.0,Man,middle eastern
0,3481.0,511.0,Man,white
0,3521.0,512.0,Man,asian
0,3525.0,513.0,Man,asian
0,3533.0,514.0,Man,asian
0,3553.0,515.0,Man,white
0,3565.0,516.0,Man,white
0,3569.0,517.0,Man,asian
0,3637.0,518.0,Man,white
0,3641.0,519.0,Man,white
0,3673.0,520.0,Man,white
0,3681.0,521.0,Man,white
0,3713.0,522.0,Man,white
0,3721.0,523.0,Man,asian
0,3725.0,524.0,Woman,asian
0,3753.0,525.0,Man,asian
0,3761.0,526.0,Woman,black
0,3765.0,527.0,Man,white
0,3769.0,528.0,Woman,white
0,3773.0,529.0,Woman,black
0,3777.0,530.0,Man,white
0,3781.0,531.0,Man,white
0,3785.0,532.0,Man,white
1,3785.0,533.0,Man,black
2,3785.0,534.0,Man,middle eastern
0,3789.0,535.0,Man,black
0,3793.0,536.0,Man,white
0,3797.0,537.0,Man,white
0,3801.0,538.0,Man,white
0,3809.0,539.0,Man,middle eastern
0,3817.0,540.0,Man,black
0,3825.0,541.0,Man,white
0,3829.0,542.0,Woman,white
0,3833.0,543.0,Man,white
1,3833.0,544.0,Woman,white
0,3837.0,545.0,Man,white
0,3841.0,546.0,Man,white
0,3845.0,547.0,Woman,white
1,3845.0,548.0,Man,asian
0,3849.0,549.0,Man,black
0,3853.0,550.0,Man,white
0,3857.0,551.0,Man,white
0,3861.0,552.0,Man,white
0,3865.0,553.0,Man,white
0,3869.0,554.0,Man,white
1,3869.0,555.0,Man,white
0,3873.0,556.0,Man,white
0,3877.0,557.0,Man,white
0,3881.0,558.0,Man,white
0,3885.0,559.0,Man,white
0,3889.0,560.0,Man,white
0,3893.0,561.0,Man,white
0,3901.0,562.0,Man,white
1,3901.0,563.0,Man,white
0,3905.0,564.0,Man,white
0,3909.0,565.0,Man,white
0,3913.0,566.0,Man,white
0,3937.0,567.0,Man,white
0,3941.0,568.0,Man,white
0,3953.0,569.0,Man,white
0,3965.0,570.0,Man,white
0,3969.0,571.0,Man,middle eastern
0,3997.0,572.0,Woman,white
0,4001.0,573.0,Woman,white
0,4017.0,574.0,Man,asian
0,4021.0,575.0,Woman,white
0,4025.0,576.0,Man,indian
0,4029.0,577.0,Woman,white
0,4037.0,578.0,Woman,asian
0,4041.0,579.0,Man,white
0,4057.0,580.0,Man,white
1,4057.0,581.0,Man,white
2,4057.0,582.0,Man,white
0,4061.0,583.0,Man,white
1,4061.0,584.0,Man,white
0,4065.0,585.0,Man,white
1,4065.0,586.0,Man,white
0,4069.0,587.0,Man,asian
1,4069.0,588.0,Man,white
0,4073.0,589.0,Man,white
1,4073.0,590.0,Man,asian
0,4077.0,591.0,Man,white
1,4077.0,592.0,Man,white
0,4081.0,593.0,Man,asian
1,4081.0,594.0,Man,white
0,4085.0,595.0,Woman,white
1,4085.0,596.0,Man,white
0,4089.0,597.0,Man,white
1,4089.0,598.0,Man,white
0,4105.0,599.0,Man,white
1,4105.0,600.0,Man,white
0,4113.0,601.0,Woman,white
0,4117.0,602.0,Man,white
1,4117.0,603.0,Man,white
0,4121.0,604.0,Woman,white
0,4125.0,605.0,Man,white
0,4129.0,606.0,Man,white
0,4133.0,607.0,Woman,white
0,4137.0,608.0,Woman,white
0,4141.0,609.0,Woman,white
0,4145.0,610.0,Woman,white
0,4149.0,611.0,Woman,white
0,4153.0,612.0,Woman,white
0,4157.0,613.0,Man,middle eastern
1,4157.0,614.0,Man,white
0,4169.0,615.0,Woman,white
1,4169.0,616.0,Man,white
2,4169.0,617.0,Man,white
0,4177.0,618.0,Woman,white
0,4181.0,619.0,Man,white
0,4185.0,620.0,Man,white
0,4201.0,621.0,Man,white
0,4205.0,622.0,Woman,white
0,4213.0,623.0,Woman,white
0,4221.0,624.0,Man,white
0,4233.0,625.0,Woman,white
1,4233.0,626.0,Man,white
0,4245.0,627.0,Man,white
0,4249.0,628.0,Man,white
0,4253.0,629.0,Man,white
0,4269.0,630.0,Woman,white
0,4317.0,631.0,Woman,white
0,4321.0,632.0,Woman,white
0,4325.0,633.0,Woman,white
0,4381.0,634.0,Woman,white
0,4405.0,635.0,Man,middle eastern
0,4409.0,636.0,Man,latino hispanic
0,4413.0,637.0,Man,white
0,4441.0,638.0,Woman,white
0,4469.0,639.0,Man,latino hispanic
0,4473.0,640.0,Man,white
0,4485.0,641.0,Man,middle eastern
0,4493.0,642.0,Man,white
0,4497.0,643.0,Man,white
0,4501.0,644.0,Man,white
0,4505.0,645.0,Man,middle eastern
0,4509.0,646.0,Man,middle eastern
0,4525.0,647.0,Man,middle eastern
0,4533.0,648.0,Man,white
0,4541.0,649.0,Man,indian
0,4545.0,650.0,Man,white
0,4553.0,651.0,Man,white
0,4565.0,652.0,Man,white
0,4569.0,653.0,Man,white
0,4573.0,654.0,Man,white
0,4581.0,655.0,Man,white
0,4585.0,656.0,Man,white
0,4597.0,657.0,Woman,white
0,4609.0,658.0,Man,white
0,4617.0,659.0,Man,white
0,4621.0,660.0,Man,white
0,4629.0,661.0,Man,latino hispanic
0,4645.0,662.0,Woman,white
0,4649.0,663.0,Woman,white
0,4681.0,664.0,Man,white
0,4685.0,665.0,Man,white
0,4697.0,666.0,Man,white
0,4705.0,667.0,Man,latino hispanic
0,4749.0,668.0,Man,white
0,4757.0,669.0,Woman,white
0,4765.0,670.0,Man,middle eastern
0,4769.0,671.0,Man,white
0,4777.0,672.0,Man,asian
0,4781.0,673.0,Man,white
0,4785.0,674.0,Man,latino hispanic
0,4789.0,675.0,Man,middle eastern
0,4793.0,676.0,Man,latino hispanic
0,4809.0,677.0,Man,white
0,4813.0,678.0,Man,middle eastern
0,4817.0,679.0,Man,white
0,4821.0,680.0,Woman,white
0,4825.0,681.0,Man,middle eastern
0,4829.0,682.0,Man,latino hispanic
0,4833.0,683.0,Man,middle eastern
0,4837.0,684.0,Man,middle eastern
0,4857.0,685.0,Man,white
0,4861.0,686.0,Man,white
0,4877.0,687.0,Man,white
0,4909.0,688.0,Man,middle eastern
0,4913.0,689.0,Man,middle eastern
0,4929.0,690.0,Man,middle eastern
0,4941.0,691.0,Man,white
0,4945.0,692.0,Man,white
0,5009.0,693.0,Man,white
0,5025.0,694.0,Woman,white
0,5029.0,695.0,Woman,white
0,5033.0,696.0,Man,white
0,5037.0,697.0,Woman,white
0,5041.0,698.0,Man,black
0,5049.0,699.0,Woman,white
0,5053.0,700.0,Woman,white
0,5057.0,701.0,Man,black
0,5061.0,702.0,Woman,white
0,5073.0,703.0,Woman,white
0,5077.0,704.0,Man,black
0,5081.0,705.0,Woman,white
0,5085.0,706.0,Woman,white
0,5089.0,707.0,Man,black
0,5093.0,708.0,Man,black
0,5097.0,709.0,Man,black
0,5101.0,710.0,Woman,white
0,5105.0,711.0,Man,black
0,5109.0,712.0,Man,black
0,5113.0,713.0,Man,black
0,5117.0,714.0,Woman,white
0,5125.0,715.0,Man,white
0,5137.0,716.0,Man,white
0,5141.0,717.0,Man,white
0,5145.0,718.0,Man,white
0,5149.0,719.0,Woman,white
0,5153.0,720.0,Woman,white
0,5157.0,721.0,Man,white
1,5157.0,722.0,Man,white
0,5161.0,723.0,Woman,white
0,5165.0,724.0,Woman,white
0,5169.0,725.0,Woman,white
0,5173.0,726.0,Man,white
1,5173.0,727.0,Woman,asian
0,5201.0,728.0,Man,white
0,5205.0,729.0,Man,white
0,5209.0,730.0,Man,white
0,5213.0,731.0,Man,white
0,5229.0,732.0,Man,white
0,5237.0,733.0,Man,white
0,5241.0,734.0,Man,white
0,5245.0,735.0,Man,white
0,5249.0,736.0,Man,white
0,5253.0,737.0,Man,white
0,5257.0,738.0,Man,white
0,5261.0,739.0,Man,white
0,5265.0,740.0,Man,white
0,5269.0,741.0,Man,white
0,5273.0,742.0,Man,white
0,5277.0,743.0,Man,white
0,5281.0,744.0,Man,white
0,5285.0,745.0,Man,white
0,5289.0,746.0,Man,white
0,5293.0,747.0,Man,white
0,5297.0,748.0,Man,white
0,5301.0,749.0,Man,white
0,5305.0,750.0,Man,white
0,5309.0,751.0,Man,middle eastern
0,5313.0,752.0,Man,white
0,5317.0,753.0,Man,white
0,5321.0,754.0,Man,white
0,5325.0,755.0,Man,white
0,5329.0,756.0,Man,white
0,5333.0,757.0,Man,white
0,5373.0,758.0,Man,white
0,5377.0,759.0,Man,white
0,5381.0,760.0,Man,white
1,5381.0,761.0,Man,white
0,5385.0,762.0,Man,white
1,5385.0,763.0,Man,white
0,5389.0,764.0,Man,white
1,5389.0,765.0,Man,white
0,5393.0,766.0,Man,latino hispanic
0,5417.0,767.0,Man,latino hispanic
0,5421.0,768.0,Man,white
1,5421.0,769.0,Man,asian
0,5425.0,770.0,Man,white
1,5425.0,771.0,Man,white
2,5425.0,772.0,Man,asian
0,5429.0,773.0,Man,white
0,5433.0,774.0,Man,white
0,5437.0,775.0,Man,white
0,5441.0,776.0,Man,white
0,5445.0,777.0,Man,white
1,5445.0,778.0,Man,black
0,5449.0,779.0,Man,white
1,5449.0,780.0,Man,asian
0,5453.0,781.0,Man,white
0,5457.0,782.0,Man,black
0,5461.0,783.0,Man,white
0,5465.0,784.0,Man,white
1,5465.0,785.0,Man,white
0,5469.0,786.0,Man,white
0,5473.0,787.0,Man,white
0,5477.0,788.0,Man,white
0,5481.0,789.0,Man,white
0,5485.0,790.0,Man,white
0,5489.0,791.0,Man,indian
0,5493.0,792.0,Man,white
0,5497.0,793.0,Man,white
0,5501.0,794.0,Man,white
0,5505.0,795.0,Man,white
1,5505.0,796.0,Man,black
0,5509.0,797.0,Man,white
0,5549.0,798.0,Man,white
0,5553.0,799.0,Man,latino hispanic
0,5557.0,800.0,Man,white
0,5561.0,801.0,Man,latino hispanic
0,5565.0,802.0,Man,white
0,5569.0,803.0,Man,white
0,5573.0,804.0,Man,white
0,5577.0,805.0,Man,white
0,5581.0,806.0,Man,white
0,5585.0,807.0,Man,white
0,5589.0,808.0,Man,white
0,5593.0,809.0,Man,white
1,5593.0,810.0,Man,indian
0,5597.0,811.0,Man,white
1,5597.0,812.0,Man,black
0,5601.0,813.0,Man,white
1,5601.0,814.0,Man,black
0,5605.0,815.0,Man,white
0,5609.0,816.0,Man,white
0,5613.0,817.0,Man,white
0,5617.0,818.0,Man,middle eastern
0,5621.0,819.0,Man,white
0,5625.0,820.0,Man,white
0,5629.0,821.0,Man,white
0,5633.0,822.0,Man,black
1,5633.0,823.0,Man,indian
0,5637.0,824.0,Man,white
0,5641.0,825.0,Man,white
1,5641.0,826.0,Man,white
0,5645.0,827.0,Man,white
1,5645.0,828.0,Man,white
0,5649.0,829.0,Man,white
1,5649.0,830.0,Man,white
0,5653.0,831.0,Man,middle eastern
1,5653.0,832.0,Man,white
0,5657.0,833.0,Man,white
1,5657.0,834.0,Man,white
0,5677.0,835.0,Man,black
0,5681.0,836.0,Man,white
0,5685.0,837.0,Man,white
0,5689.0,838.0,Man,middle eastern
0,5693.0,839.0,Man,latino hispanic
0,5697.0,840.0,Man,white
0,5701.0,841.0,Man,middle eastern
0,5705.0,842.0,Man,middle eastern
0,5717.0,843.0,Man,indian
0,5721.0,844.0,Man,white
0,5725.0,845.0,Man,white
0,5729.0,846.0,Man,middle eastern
0,5733.0,847.0,Man,middle eastern
0,5737.0,848.0,Man,middle eastern
0,5825.0,849.0,Man,white
0,5829.0,850.0,Man,white
0,5833.0,851.0,Man,white
0,5837.0,852.0,Man,white
0,5841.0,853.0,Man,white
0,5869.0,854.0,Man,latino hispanic
0,5877.0,855.0,Man,white
0,5885.0,856.0,Man,white
0,5889.0,857.0,Man,white
0,5937.0,858.0,Man,white
0,5941.0,859.0,Man,white
0,5957.0,860.0,Man,white
0,5961.0,861.0,Man,white
0,5973.0,862.0,Man,white
0,5977.0,863.0,Man,white
0,5981.0,864.0,Man,white
0,6021.0,865.0,Man,white
0,6025.0,866.0,Man,middle eastern
1,6025.0,867.0,Man,indian
0,6093.0,868.0,Man,white
0,6105.0,869.0,Man,latino hispanic
1,6105.0,870.0,Man,white
0,6161.0,871.0,Woman,white
1,6161.0,872.0,Man,white
0,6165.0,873.0,Man,white
0,6173.0,874.0,Woman,white
0,6177.0,875.0,Woman,white
0,6185.0,876.0,Woman,white
0,6193.0,877.0,Woman,white
0,6201.0,878.0,Man,white
0,6205.0,879.0,Man,white
1,6205.0,880.0,Man,white
0,6209.0,881.0,Man,asian
1,6209.0,882.0,Man,asian
0,6217.0,883.0,Man,white
0,6221.0,884.0,Woman,white
0,6225.0,885.0,Man,white
0,6229.0,886.0,Man,white
0,6249.0,887.0,Woman,asian
0,6253.0,888.0,Woman,white
0,6257.0,889.0,Man,asian
0,6261.0,890.0,Woman,white
0,6265.0,891.0,Woman,white
0,6269.0,892.0,Woman,white
0,6281.0,893.0,Man,white
0,6285.0,894.0,Man,white
0,6289.0,895.0,Man,white
0,6293.0,896.0,Man,white
0,6297.0,897.0,Woman,white
0,6301.0,898.0,Woman,white
0,6305.0,899.0,Woman,white
0,6309.0,900.0,Woman,white
0,6321.0,901.0,Woman,white
0,6325.0,902.0,Woman,white
0,6333.0,903.0,Man,white
0,6337.0,904.0,Man,white
0,6341.0,905.0,Woman,white
0,6345.0,906.0,Woman,white
0,6349.0,907.0,Man,white
0,6353.0,908.0,Man,white
0,6357.0,909.0,Woman,white
0,6361.0,910.0,Woman,white
0,6365.0,911.0,Woman,white
0,6369.0,912.0,Man,white
0,6373.0,913.0,Man,white
0,6377.0,914.0,Man,asian
0,6381.0,915.0,Man,white
0,6385.0,916.0,Man,white
0,6389.0,917.0,Woman,white
0,6393.0,918.0,Woman,white
0,6397.0,919.0,Woman,white
0,6401.0,920.0,Man,white
0,6409.0,921.0,Man,white
0,6413.0,922.0,Woman,white
0,6417.0,923.0,Man,white
0,6421.0,924.0,Man,white
0,6425.0,925.0,Man,white
0,6429.0,926.0,Man,white
0,6433.0,927.0,Man,white
0,6437.0,928.0,Man,white
0,6441.0,929.0,Man,white
0,6445.0,930.0,Man,white
0,6449.0,931.0,Man,white
0,6453.0,932.0,Man,white
0,6457.0,933.0,Man,white
0,6465.0,934.0,Man,white
0,6469.0,935.0,Man,white
0,6473.0,936.0,Woman,white
0,6477.0,937.0,Woman,white
0,6481.0,938.0,Man,white
0,6485.0,939.0,Man,white
0,6497.0,940.0,Man,white
0,6501.0,941.0,Man,white
0,6505.0,942.0,Man,white
0,6525.0,943.0,Man,asian
0,6533.0,944.0,Man,black
1,6533.0,945.0,Man,white
0,6541.0,946.0,Woman,white
0,6545.0,947.0,Man,middle eastern
0,6549.0,948.0,Man,middle eastern
1,6549.0,949.0,Man,white
0,6565.0,950.0,Man,latino hispanic
0,6569.0,951.0,Man,latino hispanic
1,6569.0,952.0,Man,white
0,6573.0,953.0,Woman,asian
0,6581.0,954.0,Woman,asian
1,6581.0,955.0,Man,white
0,6585.0,956.0,Man,black
1,6585.0,957.0,Man,white
2,6585.0,958.0,Woman,white
0,6589.0,959.0,Woman,white
0,6593.0,960.0,Man,white
0,6597.0,961.0,Man,asian
0,6605.0,962.0,Man,white
0,6609.0,963.0,Woman,white
0,6649.0,964.0,Woman,white
1,6649.0,965.0,Man,white
2,6649.0,966.0,Man,white
3,6649.0,967.0,Man,white
4,6649.0,968.0,Man,white
5,6649.0,969.0,Man,white
6,6649.0,970.0,Woman,white
0,6693.0,971.0,Woman,white
0,6701.0,972.0,Man,black
0,6705.0,973.0,Man,white
0,6709.0,974.0,Woman,white
1,6709.0,975.0,Man,white
0,6713.0,976.0,Man,white
0,6717.0,977.0,Man,white
0,6721.0,978.0,Man,white
0,6725.0,979.0,Man,white
0,6729.0,980.0,Man,white
0,6733.0,981.0,Man,white
0,6745.0,982.0,Man,white
0,6749.0,983.0,Man,white
0,6753.0,984.0,Man,white
0,6757.0,985.0,Man,white
0,6761.0,986.0,Man,white
0,6765.0,987.0,Man,white
0,6769.0,988.0,Man,white
0,6773.0,989.0,Man,white
0,6777.0,990.0,Man,white
0,6781.0,991.0,Woman,white
0,6785.0,992.0,Man,latino hispanic
0,6789.0,993.0,Woman,white
0,6793.0,994.0,Woman,white
1,6793.0,995.0,Man,white
0,6797.0,996.0,Woman,white
0,6801.0,997.0,Man,middle eastern
0,6805.0,998.0,Man,white
0,6809.0,999.0,Man,white
0,6813.0,1000.0,Man,white
1,6813.0,1001.0,Woman,white
0,6817.0,1002.0,Man,white
1,6817.0,1003.0,Woman,white
0,6829.0,1004.0,Man,black
0,6833.0,1005.0,Man,black
0,6837.0,1006.0,Man,black
0,6841.0,1007.0,Woman,white
0,6845.0,1008.0,Woman,white
0,6849.0,1009.0,Man,black
0,6853.0,1010.0,Man,black
0,6857.0,1011.0,Woman,white
0,6861.0,1012.0,Woman,white
0,6865.0,1013.0,Man,black
0,6869.0,1014.0,Woman,white
0,6873.0,1015.0,Woman,white
0,6877.0,1016.0,Man,black
0,6881.0,1017.0,Woman,white
0,6885.0,1018.0,Man,black
0,6893.0,1019.0,Woman,white
0,6897.0,1020.0,Man,black
0,6901.0,1021.0,Man,latino hispanic
0,6905.0,1022.0,Woman,white
0,6909.0,1023.0,Woman,white
0,6913.0,1024.0,Woman,white
0,6917.0,1025.0,Man,black
0,6921.0,1026.0,Man,black
0,6925.0,1027.0,Man,black
0,6929.0,1028.0,Man,black
0,6933.0,1029.0,Man,black
0,6937.0,1030.0,Man,black
0,6941.0,1031.0,Man,black
0,6945.0,1032.0,Man,black
0,6949.0,1033.0,Man,black
0,6969.0,1034.0,Man,asian
1,6969.0,1035.0,Woman,asian
0,6973.0,1036.0,Man,white
0,6977.0,1037.0,Woman,asian
1,6977.0,1038.0,Man,white
0,6997.0,1039.0,Woman,white
0,7001.0,1040.0,Woman,asian
0,7009.0,1041.0,Woman,asian
0,7013.0,1042.0,Woman,asian
0,7017.0,1043.0,Man,latino hispanic
0,7021.0,1044.0,Man,middle eastern
0,7029.0,1045.0,Man,asian
1,7029.0,1046.0,Man,black
0,7041.0,1047.0,Man,white
1,7041.0,1048.0,Man,white
0,7045.0,1049.0,Man,white
0,7053.0,1050.0,Woman,white
0,7057.0,1051.0,Man,white
0,7061.0,1052.0,Man,white
0,7065.0,1053.0,Man,white
0,7069.0,1054.0,Man,white
0,7073.0,1055.0,Man,white
0,7077.0,1056.0,Man,white
0,7081.0,1057.0,Woman,white
0,7085.0,1058.0,Woman,white
0,7089.0,1059.0,Woman,white
0,7093.0,1060.0,Woman,asian
0,7097.0,1061.0,Woman,white
0,7101.0,1062.0,Woman,white
0,7105.0,1063.0,Woman,white
0,7113.0,1064.0,Man,white
0,7117.0,1065.0,Man,middle eastern
0,7129.0,1066.0,Man,asian
0,7133.0,1067.0,Man,latino hispanic
0,7137.0,1068.0,Woman,asian
0,7141.0,1069.0,Woman,asian
0,7145.0,1070.0,Woman,asian
0,7149.0,1071.0,Woman,asian
0,7153.0,1072.0,Man,white
0,7157.0,1073.0,Man,white
0,7161.0,1074.0,Woman,asian
0,7165.0,1075.0,Man,asian
0,7169.0,1076.0,Man,white
0,7173.0,1077.0,Woman,white
1,7173.0,1078.0,Man,black
0,7177.0,1079.0,Woman,white
1,7177.0,1080.0,Man,indian
0,7181.0,1081.0,Woman,asian
1,7181.0,1082.0,Man,white
0,7185.0,1083.0,Woman,asian
1,7185.0,1084.0,Man,white
0,7189.0,1085.0,Woman,asian
1,7189.0,1086.0,Man,white
0,7193.0,1087.0,Woman,white
1,7193.0,1088.0,Man,asian
0,7197.0,1089.0,Woman,asian
1,7197.0,1090.0,Man,indian
0,7201.0,1091.0,Woman,white
1,7201.0,1092.0,Man,white
0,7205.0,1093.0,Woman,white
1,7205.0,1094.0,Man,black
0,7209.0,1095.0,Man,asian
0,7213.0,1096.0,Man,white
0,7217.0,1097.0,Man,white
0,7221.0,1098.0,Man,white
1,7221.0,1099.0,Man,white
0,7225.0,1100.0,Man,white
1,7225.0,1101.0,Man,asian
0,7233.0,1102.0,Man,black
0,7237.0,1103.0,Man,black
0,7241.0,1104.0,Man,middle eastern
0,7245.0,1105.0,Woman,white
1,7245.0,1106.0,Man,black
0,7249.0,1107.0,Man,black
1,7249.0,1108.0,Woman,white
2,7249.0,1109.0,Man,middle eastern
0,7253.0,1110.0,Man,white
1,7253.0,1111.0,Man,black
2,7253.0,1112.0,Woman,white
0,7257.0,1113.0,Man,black
1,7257.0,1114.0,Man,white
0,7261.0,1115.0,Man,black
1,7261.0,1116.0,Man,white
0,7265.0,1117.0,Man,white
0,7285.0,1118.0,Man,white
0,7289.0,1119.0,Man,black
0,7293.0,1120.0,Man,black
0,7301.0,1121.0,Man,white
0,7305.0,1122.0,Man,black
0,7309.0,1123.0,Man,black
0,7313.0,1124.0,Man,black
0,7333.0,1125.0,Man,white
0,7341.0,1126.0,Woman,white
0,7345.0,1127.0,Woman,white
0,7349.0,1128.0,Man,white
1,7349.0,1129.0,Woman,white
0,7353.0,1130.0,Man,white
1,7353.0,1131.0,Man,white
2,7353.0,1132.0,Man,black
3,7353.0,1133.0,Man,asian
4,7353.0,1134.0,Man,asian
5,7353.0,1135.0,Man,asian
0,7357.0,1136.0,Man,white
1,7357.0,1137.0,Man,white
2,7357.0,1138.0,Man,white
3,7357.0,1139.0,Man,black
4,7357.0,1140.0,Man,white
5,7357.0,1141.0,Woman,white
6,7357.0,1142.0,Man,black
0,7361.0,1143.0,Woman,white
1,7361.0,1144.0,Man,white
2,7361.0,1145.0,Man,black
0,7365.0,1146.0,Woman,white
1,7365.0,1147.0,Man,white
2,7365.0,1148.0,Man,white
3,7365.0,1149.0,Woman,white
0,7369.0,1150.0,Woman,white
1,7369.0,1151.0,Man,white
2,7369.0,1152.0,Man,white
3,7369.0,1153.0,Woman,asian
0,7385.0,1154.0,Man,white
0,7393.0,1155.0,Woman,latino hispanic
0,7397.0,1156.0,Woman,asian
0,7401.0,1157.0,Man,asian
0,7405.0,1158.0,Man,white
0,7409.0,1159.0,Man,indian
0,7417.0,1160.0,Woman,white
0,7421.0,1161.0,Woman,white
1,7421.0,1162.0,Man,white
0,7433.0,1163.0,Man,white
0,7441.0,1164.0,Man,black
1,7441.0,1165.0,Man,white
0,7445.0,1166.0,Man,asian
0,7449.0,1167.0,Man,white
0,7453.0,1168.0,Man,white
0,7457.0,1169.0,Man,white
0,7461.0,1170.0,Woman,latino hispanic
1,7461.0,1171.0,Man,white
0,7465.0,1172.0,Man,white
0,7469.0,1173.0,Man,white
0,7505.0,1174.0,Man,white
1,7505.0,1175.0,Woman,white
0,7509.0,1176.0,Man,latino hispanic
0,7521.0,1177.0,Man,white
0,7525.0,1178.0,Man,white
0,7537.0,1179.0,Woman,white
1,7537.0,1180.0,Man,white
2,7537.0,1181.0,Man,white
0,7549.0,1182.0,Man,asian
1,7549.0,1183.0,Man,asian
2,7549.0,1184.0,Man,asian
3,7549.0,1185.0,Man,asian
4,7549.0,1186.0,Man,black
0,7577.0,1187.0,Man,asian
1,7577.0,1188.0,Woman,asian
0,7581.0,1189.0,Man,asian
0,7593.0,1190.0,Woman,white
0,7597.0,1191.0,Woman,middle eastern
0,7601.0,1192.0,Man,black
0,7609.0,1193.0,Man,white
0,7613.0,1194.0,Man,white
0,7633.0,1195.0,Man,latino hispanic
0,7637.0,1196.0,Man,asian
0,7641.0,1197.0,Man,white
0,7645.0,1198.0,Man,white
0,7649.0,1199.0,Man,white
1,7649.0,1200.0,Woman,white
0,7669.0,1201.0,Woman,white
0,7673.0,1202.0,Man,asian
0,7681.0,1203.0,Man,white
0,7685.0,1204.0,Woman,white
0,7689.0,1205.0,Woman,white
0,7693.0,1206.0,Man,white
0,7697.0,1207.0,Man,white
0,7701.0,1208.0,Woman,white
0,7705.0,1209.0,Woman,white
0,7709.0,1210.0,Man,white
0,7713.0,1211.0,Man,white
0,7729.0,1212.0,Man,white
0,7741.0,1213.0,Man,white
0,7745.0,1214.0,Woman,white
0,7753.0,1215.0,Woman,white
0,7761.0,1216.0,Man,latino hispanic
0,7765.0,1217.0,Man,white
0,7773.0,1218.0,Woman,white
0,7785.0,1219.0,Woman,white
0,7789.0,1220.0,Man,white
0,7793.0,1221.0,Woman,white
0,7801.0,1222.0,Man,white
0,7805.0,1223.0,Woman,white
0,7813.0,1224.0,Man,black
0,7817.0,1225.0,Man,black
0,7821.0,1226.0,Woman,white
0,7825.0,1227.0,Man,black
0,7829.0,1228.0,Man,black
0,7833.0,1229.0,Woman,white
0,7841.0,1230.0,Woman,white
0,7869.0,1231.0,Man,white
0,7881.0,1232.0,Woman,white
0,7889.0,1233.0,Man,white
0,7897.0,1234.0,Man,asian
0,7901.0,1235.0,Man,white
0,7905.0,1236.0,Man,white
0,7909.0,1237.0,Man,middle eastern
0,7921.0,1238.0,Man,white
0,7933.0,1239.0,Man,white
0,7937.0,1240.0,Man,white
0,7941.0,1241.0,Man,white
0,7945.0,1242.0,Man,white
0,7965.0,1243.0,Man,white
0,7969.0,1244.0,Man,asian
0,7973.0,1245.0,Man,white
1,7973.0,1246.0,Man,white
0,7977.0,1247.0,Man,asian
0,7981.0,1248.0,Man,asian
0,7985.0,1249.0,Man,white
1,7985.0,1250.0,Man,white
0,7989.0,1251.0,Man,white
1,7989.0,1252.0,Man,white
0,7993.0,1253.0,Man,latino hispanic
0,7997.0,1254.0,Man,latino hispanic
0,8001.0,1255.0,Man,white
0,8005.0,1256.0,Man,white
1,8005.0,1257.0,Man,white
0,8017.0,1258.0,Man,white
1,8017.0,1259.0,Man,asian
2,8017.0,1260.0,Man,white
0,8029.0,1261.0,Man,asian
0,8033.0,1262.0,Man,asian
0,8037.0,1263.0,Man,white
0,8041.0,1264.0,Man,white
0,8053.0,1265.0,Man,white
0,8057.0,1266.0,Man,white
0,8061.0,1267.0,Man,white
0,8065.0,1268.0,Man,white
0,8069.0,1269.0,Man,white
0,8073.0,1270.0,Man,white
0,8077.0,1271.0,Man,white
0,8081.0,1272.0,Man,white
1,8081.0,1273.0,Man,white
0,8085.0,1274.0,Man,asian
0,8089.0,1275.0,Man,white
0,8093.0,1276.0,Man,white
0,8097.0,1277.0,Man,white
0,8101.0,1278.0,Man,white
0,8105.0,1279.0,Man,white
0,8109.0,1280.0,Man,white
0,8113.0,1281.0,Man,white
0,8117.0,1282.0,Man,white
0,8121.0,1283.0,Man,middle eastern
0,8125.0,1284.0,Man,white
0,8129.0,1285.0,Man,white
0,8133.0,1286.0,Man,white
0,8137.0,1287.0,Man,white
0,8145.0,1288.0,Man,white
0,8149.0,1289.0,Man,white
0,8153.0,1290.0,Man,white
0,8169.0,1291.0,Man,white
0,8173.0,1292.0,Man,white
0,8177.0,1293.0,Man,white
0,8181.0,1294.0,Man,white
0,8185.0,1295.0,Man,white
0,8189.0,1296.0,Man,white
0,8193.0,1297.0,Man,white
0,8197.0,1298.0,Man,latino hispanic
0,8201.0,1299.0,Man,white
0,8205.0,1300.0,Man,white
0,8209.0,1301.0,Man,latino hispanic
0,8213.0,1302.0,Man,indian
0,8217.0,1303.0,Man,white
0,8221.0,1304.0,Man,white
0,8225.0,1305.0,Man,white
0,8229.0,1306.0,Man,latino hispanic
0,8233.0,1307.0,Man,white
0,8237.0,1308.0,Man,white
0,8241.0,1309.0,Man,white
0,8245.0,1310.0,Man,white
0,8249.0,1311.0,Man,white
0,8253.0,1312.0,Man,white
0,8321.0,1313.0,Man,middle eastern
0,8325.0,1314.0,Man,black
1,8325.0,1315.0,Man,asian
0,8337.0,1316.0,Man,white
0,8341.0,1317.0,Man,white
0,8345.0,1318.0,Man,white
0,8349.0,1319.0,Man,white
0,8353.0,1320.0,Man,white
0,8365.0,1321.0,Man,white
0,8385.0,1322.0,Man,white
0,8389.0,1323.0,Woman,white
0,8393.0,1324.0,Man,white
0,8397.0,1325.0,Man,white
0,8401.0,1326.0,Man,white
0,8405.0,1327.0,Man,white
0,8409.0,1328.0,Woman,white
0,8413.0,1329.0,Woman,white
0,8417.0,1330.0,Woman,white
0,8421.0,1331.0,Woman,white
0,8425.0,1332.0,Man,white
0,8429.0,1333.0,Man,white
0,8433.0,1334.0,Man,white
0,8437.0,1335.0,Man,white
0,8441.0,1336.0,Woman,white
0,8445.0,1337.0,Woman,white
0,8449.0,1338.0,Woman,white
0,8453.0,1339.0,Man,white
0,8457.0,1340.0,Woman,white
0,8461.0,1341.0,Woman,white
0,8465.0,1342.0,Woman,white
0,8469.0,1343.0,Man,white
0,8473.0,1344.0,Man,white
0,8489.0,1345.0,Man,white
1,8489.0,1346.0,Man,middle eastern
0,8493.0,1347.0,Man,white
1,8493.0,1348.0,Man,middle eastern
0,8497.0,1349.0,Man,asian
0,8501.0,1350.0,Man,white
0,8505.0,1351.0,Man,middle eastern
1,8505.0,1352.0,Man,white
0,8509.0,1353.0,Man,middle eastern
1,8509.0,1354.0,Man,white
0,8521.0,1355.0,Man,white
0,8525.0,1356.0,Man,white
0,8529.0,1357.0,Man,black
0,8533.0,1358.0,Man,middle eastern
0,8537.0,1359.0,Woman,white
0,8541.0,1360.0,Man,white
0,8545.0,1361.0,Man,asian
0,8553.0,1362.0,Man,white
1,8553.0,1363.0,Man,white
2,8553.0,1364.0,Man,white
0,8557.0,1365.0,Man,white
1,8557.0,1366.0,Man,indian
0,8561.0,1367.0,Man,white
1,8561.0,1368.0,Man,black
0,8565.0,1369.0,Man,white
1,8565.0,1370.0,Man,black
2,8565.0,1371.0,Man,middle eastern
0,8569.0,1372.0,Man,white
1,8569.0,1373.0,Man,black
2,8569.0,1374.0,Man,middle eastern
0,8573.0,1375.0,Man,middle eastern
1,8573.0,1376.0,Man,black
0,8577.0,1377.0,Man,black
0,8581.0,1378.0,Man,black
0,8585.0,1379.0,Man,black
0,8589.0,1380.0,Man,white
1,8589.0,1381.0,Man,white
0,8593.0,1382.0,Man,middle eastern
1,8593.0,1383.0,Man,asian
0,8605.0,1384.0,Woman,white
0,8609.0,1385.0,Man,white
0,8613.0,1386.0,Man,white
0,8617.0,1387.0,Woman,white
1,8617.0,1388.0,Man,white
0,8621.0,1389.0,Woman,white
0,8625.0,1390.0,Man,white
0,8629.0,1391.0,Man,white
0,8633.0,1392.0,Woman,white
0,8645.0,1393.0,Man,white
0,8649.0,1394.0,Man,white
0,8653.0,1395.0,Man,white
0,8657.0,1396.0,Woman,white
0,8661.0,1397.0,Woman,white
0,8665.0,1398.0,Woman,white
0,8669.0,1399.0,Man,white
0,8677.0,1400.0,Man,white
0,8681.0,1401.0,Man,white
0,8685.0,1402.0,Man,white
0,8689.0,1403.0,Man,white
0,8693.0,1404.0,Man,white
0,8705.0,1405.0,Man,white
0,8709.0,1406.0,Man,white
0,8713.0,1407.0,Man,white
0,8745.0,1408.0,Man,middle eastern
0,8749.0,1409.0,Man,middle eastern
0,8769.0,1410.0,Man,white
0,8789.0,1411.0,Man,white
0,8793.0,1412.0,Man,white
0,8797.0,1413.0,Man,white
1,8797.0,1414.0,Man,white
0,8801.0,1415.0,Man,black
0,8809.0,1416.0,Man,white
0,8817.0,1417.0,Man,white
0,8821.0,1418.0,Woman,white
0,8825.0,1419.0,Man,white
0,8829.0,1420.0,Man,white
0,8833.0,1421.0,Man,white
0,8837.0,1422.0,Man,white
0,8841.0,1423.0,Man,white
0,8845.0,1424.0,Man,white
0,8849.0,1425.0,Man,white
0,8853.0,1426.0,Man,white
0,8865.0,1427.0,Woman,white
0,8869.0,1428.0,Woman,white
0,8873.0,1429.0,Man,white
0,8877.0,1430.0,Man,middle eastern
1,8877.0,1431.0,Woman,white
2,8877.0,1432.0,Man,black
0,8881.0,1433.0,Man,middle eastern
1,8881.0,1434.0,Man,white
2,8881.0,1435.0,Man,black
0,8885.0,1436.0,Woman,white
0,8889.0,1437.0,Woman,white
0,8893.0,1438.0,Man,white
0,8897.0,1439.0,Man,white
0,8901.0,1440.0,Woman,white
0,8905.0,1441.0,Man,white
0,8909.0,1442.0,Man,white
0,8913.0,1443.0,Woman,white
0,8921.0,1444.0,Man,black
0,8925.0,1445.0,Man,black
0,8929.0,1446.0,Man,white
0,8937.0,1447.0,Man,white
1,8937.0,1448.0,Man,white
0,8941.0,1449.0,Man,white
1,8941.0,1450.0,Man,indian
0,8961.0,1451.0,Man,asian
1,8961.0,1452.0,Man,white
0,8965.0,1453.0,Man,white
1,8965.0,1454.0,Man,black
0,8969.0,1455.0,Man,white
0,8977.0,1456.0,Woman,white
0,8989.0,1457.0,Man,white
0,8997.0,1458.0,Woman,white
0,9001.0,1459.0,Man,white
0,9009.0,1460.0,Man,white
1,9009.0,1461.0,Woman,white
0,9013.0,1462.0,Man,white
1,9013.0,1463.0,Man,latino hispanic
0,9017.0,1464.0,Man,white
0,9021.0,1465.0,Man,white
0,9057.0,1466.0,Man,white
0,9069.0,1467.0,Man,white
1,9069.0,1468.0,Woman,white
0,9073.0,1469.0,Man,white
1,9073.0,1470.0,Woman,white
0,9077.0,1471.0,Woman,white
0,9081.0,1472.0,Man,white
0,9085.0,1473.0,Man,white
0,9089.0,1474.0,Man,white
0,9093.0,1475.0,Man,white
0,9097.0,1476.0,Man,white
0,9101.0,1477.0,Man,white
0,9117.0,1478.0,Man,white
1,9117.0,1479.0,Woman,white
2,9117.0,1480.0,Man,white
0,9121.0,1481.0,Man,white
1,9121.0,1482.0,Woman,white
0,9125.0,1483.0,Man,white
0,9145.0,1484.0,Man,white
0,9149.0,1485.0,Man,white
0,9193.0,1486.0,Man,white
0,9225.0,1487.0,Man,latino hispanic
0,9229.0,1488.0,Man,white
0,9233.0,1489.0,Man,white
0,9237.0,1490.0,Man,white
0,9241.0,1491.0,Man,white
0,9245.0,1492.0,Man,white
1,9245.0,1493.0,Man,white
0,9249.0,1494.0,Man,white
0,9269.0,1495.0,Woman,white
0,9273.0,1496.0,Woman,white
0,9277.0,1497.0,Man,asian
0,9285.0,1498.0,Woman,white
0,9289.0,1499.0,Woman,white
0,9293.0,1500.0,Man,white
1,9293.0,1501.0,Man,white
2,9293.0,1502.0,Man,asian
0,9309.0,1503.0,Man,white
0,9401.0,1504.0,Man,white
0,9409.0,1505.0,Man,white
1,9409.0,1506.0,Man,white
0,9413.0,1507.0,Man,white
0,9417.0,1508.0,Man,white
0,9421.0,1509.0,Man,white
1,9421.0,1510.0,Man,white
0,9445.0,1511.0,Man,white
0,9449.0,1512.0,Man,white
0,9453.0,1513.0,Man,white
0,9457.0,1514.0,Man,white
0,9461.0,1515.0,Man,white
0,9465.0,1516.0,Man,white
0,9469.0,1517.0,Man,white
0,9473.0,1518.0,Man,white
0,9477.0,1519.0,Man,white
0,9481.0,1520.0,Man,white
0,9485.0,1521.0,Man,white
0,9521.0,1522.0,Man,white
0,9525.0,1523.0,Man,white
0,9529.0,1524.0,Man,white
0,9533.0,1525.0,Man,white
0,9537.0,1526.0,Man,white
0,9541.0,1527.0,Man,white
0,9545.0,1528.0,Man,white
0,9569.0,1529.0,Man,white
0,9573.0,1530.0,Man,asian
0,9577.0,1531.0,Man,white
0,9581.0,1532.0,Man,white
0,9585.0,1533.0,Man,asian
0,9593.0,1534.0,Man,middle eastern
0,9597.0,1535.0,Man,white
0,9601.0,1536.0,Man,white
0,9605.0,1537.0,Man,white
0,9609.0,1538.0,Man,white
0,9613.0,1539.0,Man,white
0,9617.0,1540.0,Man,white
0,9621.0,1541.0,Man,white
0,9625.0,1542.0,Man,white
0,9629.0,1543.0,Man,white
0,9633.0,1544.0,Man,white
0,9637.0,1545.0,Man,white
0,9641.0,1546.0,Man,white
0,9645.0,1547.0,Man,white
0,9649.0,1548.0,Man,white
0,9653.0,1549.0,Man,white
0,9657.0,1550.0,Man,white
0,9661.0,1551.0,Man,white
0,9665.0,1552.0,Man,white
0,9669.0,1553.0,Man,white
0,9673.0,1554.0,Man,white
0,9697.0,1555.0,Man,black
0,9701.0,1556.0,Man,white
0,9705.0,1557.0,Man,white
0,9713.0,1558.0,Man,black
0,9725.0,1559.0,Man,black
0,9729.0,1560.0,Man,black
0,9741.0,1561.0,Man,white
0,9745.0,1562.0,Man,white
0,9749.0,1563.0,Man,white
0,9753.0,1564.0,Man,white
0,9757.0,1565.0,Man,white
0,9761.0,1566.0,Man,white
0,9765.0,1567.0,Man,white
0,9769.0,1568.0,Man,white
0,9781.0,1569.0,Man,black
1,9781.0,1570.0,Man,white
0,9789.0,1571.0,Man,asian
0,9793.0,1572.0,Man,white
0,9797.0,1573.0,Woman,white
0,9801.0,1574.0,Man,white
0,9825.0,1575.0,Man,white
0,9833.0,1576.0,Woman,black
0,9841.0,1577.0,Man,asian
0,9857.0,1578.0,Woman,asian
0,9869.0,1579.0,Man,asian
0,9873.0,1580.0,Man,indian
0,9877.0,1581.0,Man,white
0,9885.0,1582.0,Woman,white
0,9897.0,1583.0,Man,white
0,9901.0,1584.0,Woman,white
0,9905.0,1585.0,Woman,white
0,9909.0,1586.0,Man,white
0,9913.0,1587.0,Woman,white
0,9917.0,1588.0,Man,white
0,9921.0,1589.0,Man,white
0,9925.0,1590.0,Man,white
0,9929.0,1591.0,Man,white
0,9933.0,1592.0,Woman,white
0,9937.0,1593.0,Man,white
1,9937.0,1594.0,Man,white
0,9941.0,1595.0,Woman,white
1,9941.0,1596.0,Man,indian
0,9945.0,1597.0,Man,white
0,9949.0,1598.0,Man,white
0,9953.0,1599.0,Woman,white
0,9977.0,1600.0,Woman,white
0,9981.0,1601.0,Woman,white
0,9985.0,1602.0,Man,white
0,10001.0,1603.0,Man,asian
0,10005.0,1604.0,Man,white
1,10005.0,1605.0,Woman,white
0,10009.0,1606.0,Man,white
1,10009.0,1607.0,Woman,white
0,10017.0,1608.0,Woman,white
0,10025.0,1609.0,Man,white
0,10029.0,1610.0,Man,white
0,10037.0,1611.0,Man,white
0,10041.0,1612.0,Man,middle eastern
0,10045.0,1613.0,Man,white
0,10053.0,1614.0,Man,asian
0,10081.0,1615.0,Man,white
0,10089.0,1616.0,Man,white
0,10097.0,1617.0,Man,white
1,10097.0,1618.0,Man,asian
0,10101.0,1619.0,Man,white
0,10109.0,1620.0,Man,white
0,10113.0,1621.0,Man,white
0,10121.0,1622.0,Man,white
0,10125.0,1623.0,Man,white
0,10129.0,1624.0,Woman,white
0,10133.0,1625.0,Woman,white
0,10137.0,1626.0,Man,white
0,10145.0,1627.0,Man,latino hispanic
0,10153.0,1628.0,Man,white
0,10185.0,1629.0,Man,white
0,10189.0,1630.0,Man,white
0,10193.0,1631.0,Man,white
0,10197.0,1632.0,Man,white
0,10213.0,1633.0,Man,white
0,10217.0,1634.0,Man,middle eastern
0,10221.0,1635.0,Man,white
0,10225.0,1636.0,Man,white
0,10229.0,1637.0,Man,white
0,10233.0,1638.0,Man,white
0,10245.0,1639.0,Man,white
0,10249.0,1640.0,Man,white
0,10253.0,1641.0,Man,white
0,10257.0,1642.0,Man,white
0,10261.0,1643.0,Man,white
1,10261.0,1644.0,Woman,white
0,10273.0,1645.0,Man,white
0,10277.0,1646.0,Man,white
0,10281.0,1647.0,Man,white
0,10317.0,1648.0,Man,white
1,10317.0,1649.0,Woman,white
0,10333.0,1650.0,Man,white
0,10337.0,1651.0,Woman,white
0,10369.0,1652.0,Woman,asian
0,10373.0,1653.0,Man,white
0,10377.0,1654.0,Woman,asian
0,10429.0,1655.0,Man,white
1,10429.0,1656.0,Man,black
2,10429.0,1657.0,Man,asian
0,10433.0,1658.0,Man,white
1,10433.0,1659.0,Man,asian
0,10437.0,1660.0,Man,white
0,10441.0,1661.0,Woman,white
0,10445.0,1662.0,Woman,white
0,10449.0,1663.0,Woman,white
0,10453.0,1664.0,Man,white
0,10457.0,1665.0,Woman,white
0,10461.0,1666.0,Woman,white
0,10465.0,1667.0,Man,white
0,10469.0,1668.0,Man,white
0,10473.0,1669.0,Woman,white
0,10481.0,1670.0,Woman,white
0,10485.0,1671.0,Man,latino hispanic
0,10493.0,1672.0,Woman,white
0,10505.0,1673.0,Man,white
0,10509.0,1674.0,Woman,white
0,10513.0,1675.0,Man,white
0,10521.0,1676.0,Woman,white
0,10525.0,1677.0,Woman,white
0,10529.0,1678.0,Woman,white
0,10537.0,1679.0,Man,white
0,10557.0,1680.0,Man,white
0,10585.0,1681.0,Man,middle eastern
0,10605.0,1682.0,Man,black
0,10609.0,1683.0,Woman,white
0,10669.0,1684.0,Man,white
0,10681.0,1685.0,Man,white
0,10705.0,1686.0,Man,middle eastern
0,10717.0,1687.0,Man,white
0,10721.0,1688.0,Man,white
0,10729.0,1689.0,Man,white
0,10737.0,1690.0,Man,white
0,10741.0,1691.0,Man,white
0,10745.0,1692.0,Man,white
0,10749.0,1693.0,Man,white
0,10753.0,1694.0,Man,asian
0,10761.0,1695.0,Man,asian
0,10765.0,1696.0,Man,white
0,10781.0,1697.0,Man,white
0,10789.0,1698.0,Man,asian
0,10793.0,1699.0,Man,white
0,10797.0,1700.0,Man,white
0,10801.0,1701.0,Man,white
0,10833.0,1702.0,Man,white
0,10849.0,1703.0,Man,latino hispanic
0,10853.0,1704.0,Man,white
0,10857.0,1705.0,Man,white
0,10861.0,1706.0,Woman,asian
0,10865.0,1707.0,Man,white
0,10869.0,1708.0,Man,white
0,10873.0,1709.0,Man,white
1,10873.0,1710.0,Man,black
0,10885.0,1711.0,Man,white
0,10889.0,1712.0,Man,white
0,10893.0,1713.0,Man,white
0,10929.0,1714.0,Man,latino hispanic
0,10945.0,1715.0,Man,white
0,11065.0,1716.0,Man,white
0,11069.0,1717.0,Man,white
0,11073.0,1718.0,Man,white
0,11077.0,1719.0,Woman,white
0,11081.0,1720.0,Man,latino hispanic
0,11085.0,1721.0,Man,white
0,11089.0,1722.0,Man,black
0,11097.0,1723.0,Man,latino hispanic
0,11101.0,1724.0,Man,middle eastern
0,11113.0,1725.0,Man,white
0,11117.0,1726.0,Man,indian
0,11141.0,1727.0,Man,white
0,11145.0,1728.0,Man,white
0,11149.0,1729.0,Man,white
0,11153.0,1730.0,Man,white
0,11189.0,1731.0,Man,white
0,11213.0,1732.0,Man,white
0,11221.0,1733.0,Woman,indian
0,11269.0,1734.0,Man,asian
0,11273.0,1735.0,Man,middle eastern
0,11293.0,1736.0,Man,middle eastern
0,11297.0,1737.0,Man,white
0,11301.0,1738.0,Man,white
0,11345.0,1739.0,Man,white
0,11349.0,1740.0,Man,white
1,11349.0,1741.0,Man,white
0,11377.0,1742.0,Man,asian
0,11385.0,1743.0,Man,white
0,11437.0,1744.0,Man,asian
0,11457.0,1745.0,Man,latino hispanic
0,11461.0,1746.0,Man,white
0,11477.0,1747.0,Man,white
0,11481.0,1748.0,Man,white
0,11485.0,1749.0,Man,white
0,11489.0,1750.0,Woman,white
0,11521.0,1751.0,Man,middle eastern
0,11529.0,1752.0,Man,white
0,11533.0,1753.0,Man,white
0,11537.0,1754.0,Man,white
0,11541.0,1755.0,Man,white
0,11545.0,1756.0,Man,middle eastern
0,11557.0,1757.0,Man,asian
0,11565.0,1758.0,Man,middle eastern
0,11569.0,1759.0,Man,black
1,11569.0,1760.0,Man,asian
0,11573.0,1761.0,Man,white
0,11577.0,1762.0,Woman,middle eastern
0,11581.0,1763.0,Man,middle eastern
0,11585.0,1764.0,Man,asian
0,11597.0,1765.0,Man,white
0,11613.0,1766.0,Man,white
0,11621.0,1767.0,Man,black
1,11621.0,1768.0,Man,white
0,11661.0,1769.0,Man,middle eastern
0,11681.0,1770.0,Man,middle eastern
0,11729.0,1771.0,Man,middle eastern
0,11733.0,1772.0,Man,white
0,11749.0,1773.0,Man,white
0,11753.0,1774.0,Man,white
0,11757.0,1775.0,Man,white
0,11761.0,1776.0,Man,white
0,11769.0,1777.0,Man,white
1,11769.0,1778.0,Man,white
0,11773.0,1779.0,Man,asian
0,11777.0,1780.0,Man,asian
0,11781.0,1781.0,Man,white
0,11785.0,1782.0,Man,white
0,11789.0,1783.0,Man,white
1,11789.0,1784.0,Man,latino hispanic
0,11793.0,1785.0,Man,white
0,11797.0,1786.0,Man,latino hispanic
0,11801.0,1787.0,Man,white
1,11801.0,1788.0,Man,white
0,11805.0,1789.0,Man,white
1,11805.0,1790.0,Man,white
0,11809.0,1791.0,Man,white
0,11813.0,1792.0,Man,white
0,11817.0,1793.0,Man,white
1,11817.0,1794.0,Man,white
2,11817.0,1795.0,Man,asian
0,11821.0,1796.0,Man,white
0,11825.0,1797.0,Man,white
1,11825.0,1798.0,Man,white
0,11841.0,1799.0,Man,asian
0,11849.0,1800.0,Man,white
0,11853.0,1801.0,Man,asian
0,11857.0,1802.0,Woman,asian
0,11893.0,1803.0,Woman,white
0,11901.0,1804.0,Man,white
1,11901.0,1805.0,Woman,white
0,11905.0,1806.0,Woman,asian
0,11909.0,1807.0,Man,white
0,11917.0,1808.0,Woman,white
0,11921.0,1809.0,Man,white
0,11925.0,1810.0,Man,white
0,11929.0,1811.0,Woman,asian
0,11933.0,1812.0,Man,white
0,11937.0,1813.0,Man,white
0,11941.0,1814.0,Man,white
0,11945.0,1815.0,Woman,asian
0,11949.0,1816.0,Woman,white
0,11953.0,1817.0,Woman,white
0,11957.0,1818.0,Woman,white
0,11961.0,1819.0,Man,white
0,11965.0,1820.0,Man,white
0,11969.0,1821.0,Man,white
1,11969.0,1822.0,Man,white
0,11977.0,1823.0,Man,latino hispanic
0,11981.0,1824.0,Man,white
0,11985.0,1825.0,Man,white
0,11989.0,1826.0,Man,white
0,12001.0,1827.0,Man,middle eastern
0,12005.0,1828.0,Man,white
0,12009.0,1829.0,Man,black
0,12021.0,1830.0,Woman,white
0,12025.0,1831.0,Man,white
0,12033.0,1832.0,Man,white
0,12037.0,1833.0,Man,latino hispanic
0,12041.0,1834.0,Man,white
0,12053.0,1835.0,Man,white
0,12057.0,1836.0,Man,white
0,12097.0,1837.0,Man,white
0,12101.0,1838.0,Man,white
0,12121.0,1839.0,Man,latino hispanic
0,12129.0,1840.0,Woman,white
1,12129.0,1841.0,Woman,white
0,12133.0,1842.0,Man,white
1,12133.0,1843.0,Woman,white
0,12137.0,1844.0,Man,white
0,12141.0,1845.0,Man,white
0,12145.0,1846.0,Man,black
0,12185.0,1847.0,Man,white
0,12189.0,1848.0,Man,white
1,12189.0,1849.0,Man,white
0,12193.0,1850.0,Man,white
0,12221.0,1851.0,Woman,white
1,12221.0,1852.0,Woman,white
2,12221.0,1853.0,Man,white
3,12221.0,1854.0,Man,white
4,12221.0,1855.0,Man,white
5,12221.0,1856.0,Man,white
0,12245.0,1857.0,Man,white
1,12245.0,1858.0,Man,black
0,12257.0,1859.0,Woman,white
1,12257.0,1860.0,Man,white
2,12257.0,1861.0,Man,black
0,12261.0,1862.0,Man,black
1,12261.0,1863.0,Man,white
2,12261.0,1864.0,Woman,white
0,12265.0,1865.0,Man,black
1,12265.0,1866.0,Woman,white
2,12265.0,1867.0,Man,white
0,12281.0,1868.0,Man,white
0,12333.0,1869.0,Man,white
0,12337.0,1870.0,Man,white
0,12357.0,1871.0,Woman,white
1,12357.0,1872.0,Man,white
0,12373.0,1873.0,Man,middle eastern
0,12377.0,1874.0,Man,asian
0,12385.0,1875.0,Man,white
1,12385.0,1876.0,Man,black
2,12385.0,1877.0,Man,white
0,12409.0,1878.0,Man,black
1,12409.0,1879.0,Man,white
2,12409.0,1880.0,Woman,white
3,12409.0,1881.0,Man,white
0,12413.0,1882.0,Man,white
1,12413.0,1883.0,Woman,white
2,12413.0,1884.0,Man,white
3,12413.0,1885.0,Man,white
0,12437.0,1886.0,Man,white
1,12437.0,1887.0,Man,white
0,12441.0,1888.0,Man,white
1,12441.0,1889.0,Man,white
0,12445.0,1890.0,Man,latino hispanic
1,12445.0,1891.0,Man,white
0,12449.0,1892.0,Man,black
1,12449.0,1893.0,Man,latino hispanic
2,12449.0,1894.0,Man,indian
0,12461.0,1895.0,Man,latino hispanic
0,12465.0,1896.0,Woman,latino hispanic
1,12465.0,1897.0,Man,white
2,12465.0,1898.0,Man,white
3,12465.0,1899.0,Man,asian
0,12469.0,1900.0,Woman,asian
1,12469.0,1901.0,Man,white
2,12469.0,1902.0,Man,white
0,12473.0,1903.0,Man,white
1,12473.0,1904.0,Man,white
0,12481.0,1905.0,Man,white
1,12481.0,1906.0,Man,white
0,12485.0,1907.0,Man,white
0,12489.0,1908.0,Man,white
1,12489.0,1909.0,Man,white
0,12493.0,1910.0,Man,white
1,12493.0,1911.0,Man,white
0,12497.0,1912.0,Man,white
1,12497.0,1913.0,Man,white
0,12509.0,1914.0,Woman,white
0,12513.0,1915.0,Man,black
1,12513.0,1916.0,Man,white
0,12529.0,1917.0,Man,white
0,12533.0,1918.0,Man,white
0,12537.0,1919.0,Man,white
0,12541.0,1920.0,Man,white
0,12545.0,1921.0,Man,white
0,12549.0,1922.0,Woman,white
0,12553.0,1923.0,Man,white
0,12557.0,1924.0,Man,white
1,12557.0,1925.0,Man,white
0,12561.0,1926.0,Man,middle eastern
1,12561.0,1927.0,Man,middle eastern
0,12565.0,1928.0,Man,white
0,12569.0,1929.0,Man,white
0,12573.0,1930.0,Man,white
0,12577.0,1931.0,Man,white
0,12581.0,1932.0,Woman,white
0,12585.0,1933.0,Man,white
0,12589.0,1934.0,Man,indian
0,12593.0,1935.0,Man,white
0,12597.0,1936.0,Man,white
0,12601.0,1937.0,Woman,white
0,12605.0,1938.0,Woman,white
1,12605.0,1939.0,Man,latino hispanic
0,12609.0,1940.0,Man,white
0,12613.0,1941.0,Man,white
0,12617.0,1942.0,Man,white
0,12621.0,1943.0,Man,white
0,12625.0,1944.0,Woman,white
0,12629.0,1945.0,Woman,white
0,12633.0,1946.0,Man,white
0,12637.0,1947.0,Woman,white
0,12641.0,1948.0,Man,white
0,12649.0,1949.0,Man,white
0,12697.0,1950.0,Man,white
0,12701.0,1951.0,Woman,white
0,12705.0,1952.0,Man,white
0,12709.0,1953.0,Man,white
0,12713.0,1954.0,Man,white
0,12717.0,1955.0,Man,white
0,12725.0,1956.0,Man,latino hispanic
0,12737.0,1957.0,Man,white
0,12753.0,1958.0,Woman,white
0,12757.0,1959.0,Woman,white
1,12757.0,1960.0,Man,white
0,12761.0,1961.0,Woman,white
0,12853.0,1962.0,Man,asian
0,12857.0,1963.0,Man,white
0,12861.0,1964.0,Man,white
0,12869.0,1965.0,Man,black
0,12873.0,1966.0,Man,asian
0,12885.0,1967.0,Man,white
0,12889.0,1968.0,Man,white
0,12893.0,1969.0,Man,white
0,12897.0,1970.0,Man,white
0,12941.0,1971.0,Man,middle eastern
0,12957.0,1972.0,Man,white
1,12957.0,1973.0,Man,white
0,12997.0,1974.0,Man,white
1,12997.0,1975.0,Man,white
0,13009.0,1976.0,Man,white
0,13013.0,1977.0,Woman,white
0,13017.0,1978.0,Man,white
0,13025.0,1979.0,Man,middle eastern
0,13029.0,1980.0,Man,black
0,13045.0,1981.0,Man,white
0,13061.0,1982.0,Man,white
0,13065.0,1983.0,Man,latino hispanic
0,13093.0,1984.0,Man,white
1,13093.0,1985.0,Woman,white
0,13097.0,1986.0,Woman,white
1,13097.0,1987.0,Man,white
2,13097.0,1988.0,Man,black
3,13097.0,1989.0,Man,middle eastern
4,13097.0,1990.0,Man,white
0,13113.0,1991.0,Woman,white
1,13113.0,1992.0,Man,white
2,13113.0,1993.0,Woman,white
0,13125.0,1994.0,Woman,asian
0,13137.0,1995.0,Man,black
1,13137.0,1996.0,Man,white
0,13149.0,1997.0,Man,white
1,13149.0,1998.0,Man,white
0,13153.0,1999.0,Man,asian
1,13153.0,2000.0,Woman,white
0,13177.0,2001.0,Man,white
0,13181.0,2002.0,Man,latino hispanic
0,13185.0,2003.0,Man,white
0,13189.0,2004.0,Man,white
0,13193.0,2005.0,Man,white
0,13201.0,2006.0,Man,white
0,13205.0,2007.0,Man,white
0,13209.0,2008.0,Man,white
0,13213.0,2009.0,Man,black
0,13217.0,2010.0,Man,indian
0,13221.0,2011.0,Man,white
1,13221.0,2012.0,Man,white
0,13225.0,2013.0,Man,white
0,13229.0,2014.0,Man,white
0,13233.0,2015.0,Man,white
0,13237.0,2016.0,Man,white
0,13241.0,2017.0,Man,white
0,13245.0,2018.0,Man,white
0,13249.0,2019.0,Man,white
0,13253.0,2020.0,Man,white
0,13257.0,2021.0,Man,white
0,13261.0,2022.0,Man,white
0,13265.0,2023.0,Man,white
0,13269.0,2024.0,Man,white
0,13273.0,2025.0,Man,white
0,13277.0,2026.0,Man,white
0,13281.0,2027.0,Man,white
0,13285.0,2028.0,Man,white
0,13289.0,2029.0,Man,white
0,13293.0,2030.0,Man,white
0,13297.0,2031.0,Man,white
0,13301.0,2032.0,Man,white
0,13305.0,2033.0,Man,white
0,13309.0,2034.0,Man,white
0,13321.0,2035.0,Man,black
0,13325.0,2036.0,Man,white
0,13365.0,2037.0,Man,asian
0,13373.0,2038.0,Man,white
0,13377.0,2039.0,Man,white
0,13413.0,2040.0,Man,black
0,13437.0,2041.0,Woman,asian
0,13441.0,2042.0,Man,black
0,13445.0,2043.0,Man,black
0,13449.0,2044.0,Man,black
0,13457.0,2045.0,Man,middle eastern
0,13473.0,2046.0,Man,black
0,13485.0,2047.0,Woman,white
0,13489.0,2048.0,Woman,white
0,13497.0,2049.0,Woman,white
1,13497.0,2050.0,Man,white
2,13497.0,2051.0,Man,white
0,13501.0,2052.0,Man,black
0,13553.0,2053.0,Man,middle eastern
0,13561.0,2054.0,Man,black
0,13565.0,2055.0,Woman,middle eastern
0,13597.0,2056.0,Woman,middle eastern
0,13601.0,2057.0,Man,black
0,13605.0,2058.0,Man,white
0,13609.0,2059.0,Man,asian
0,13613.0,2060.0,Man,white
0,13633.0,2061.0,Man,black
0,13637.0,2062.0,Woman,middle eastern
0,13641.0,2063.0,Man,asian
0,13673.0,2064.0,Woman,white
1,13673.0,2065.0,Man,asian
0,13677.0,2066.0,Woman,white
1,13677.0,2067.0,Man,white
0,13681.0,2068.0,Man,latino hispanic
0,13685.0,2069.0,Man,white
0,13689.0,2070.0,Woman,white
0,13693.0,2071.0,Woman,white
0,13697.0,2072.0,Woman,white
0,13765.0,2073.0,Woman,white
0,13769.0,2074.0,Woman,white
0,13781.0,2075.0,Man,latino hispanic
0,13785.0,2076.0,Woman,white
0,13789.0,2077.0,Man,white
0,13793.0,2078.0,Man,white
0,13797.0,2079.0,Man,white
0,13801.0,2080.0,Man,middle eastern
0,13805.0,2081.0,Man,white
0,13813.0,2082.0,Woman,white
0,13817.0,2083.0,Man,white
0,13821.0,2084.0,Man,white
0,13825.0,2085.0,Man,white
0,13833.0,2086.0,Woman,white
0,13845.0,2087.0,Man,white
0,13853.0,2088.0,Woman,white
0,13857.0,2089.0,Man,white
0,13861.0,2090.0,Man,white
0,13869.0,2091.0,Woman,white
0,13885.0,2092.0,Man,white
0,13897.0,2093.0,Man,white
0,13909.0,2094.0,Man,white
0,13913.0,2095.0,Man,asian
0,13941.0,2096.0,Man,white
1,13941.0,2097.0,Man,white
2,13941.0,2098.0,Man,black
0,13953.0,2099.0,Man,white
0,13977.0,2100.0,Woman,white
0,13985.0,2101.0,Man,white
0,14005.0,2102.0,Man,black
0,14029.0,2103.0,Man,white
0,14041.0,2104.0,Woman,asian
0,14049.0,2105.0,Man,white
0,14053.0,2106.0,Man,white
0,14077.0,2107.0,Man,indian
0,14081.0,2108.0,Man,white
0,14085.0,2109.0,Man,white
0,14089.0,2110.0,Man,white
0,14093.0,2111.0,Man,middle eastern
0,14113.0,2112.0,Man,white
0,14121.0,2113.0,Man,white
0,14137.0,2114.0,Woman,black
0,14141.0,2115.0,Man,middle eastern
0,14193.0,2116.0,Woman,white
0,14201.0,2117.0,Man,white
0,14217.0,2118.0,Man,white
0,14233.0,2119.0,Man,white
0,14237.0,2120.0,Man,asian
0,14269.0,2121.0,Woman,white
0,14273.0,2122.0,Man,black
1,14273.0,2123.0,Man,white
0,14277.0,2124.0,Woman,white
0,14281.0,2125.0,Woman,white
0,14285.0,2126.0,Man,middle eastern
0,14289.0,2127.0,Woman,white
1,14289.0,2128.0,Man,asian
0,14293.0,2129.0,Woman,white
1,14293.0,2130.0,Man,asian
0,14297.0,2131.0,Woman,white
0,14313.0,2132.0,Man,white
1,14313.0,2133.0,Man,white
0,14329.0,2134.0,Man,white
0,14337.0,2135.0,Man,asian
0,14341.0,2136.0,Man,white
0,14345.0,2137.0,Woman,white
1,14345.0,2138.0,Man,white
0,14349.0,2139.0,Man,asian
1,14349.0,2140.0,Woman,white
0,14353.0,2141.0,Man,asian
1,14353.0,2142.0,Woman,white
0,14365.0,2143.0,Man,white
1,14365.0,2144.0,Woman,white
0,14369.0,2145.0,Man,white
1,14369.0,2146.0,Woman,white
0,14377.0,2147.0,Woman,white
0,14425.0,2148.0,Man,white
0,14429.0,2149.0,Man,white
0,14433.0,2150.0,Man,white
0,14437.0,2151.0,Man,white
0,14441.0,2152.0,Man,white
0,14445.0,2153.0,Man,latino hispanic
0,14449.0,2154.0,Man,white
0,14453.0,2155.0,Man,white
0,14457.0,2156.0,Man,white
0,14461.0,2157.0,Man,white
0,14465.0,2158.0,Man,white
0,14469.0,2159.0,Man,white
0,14473.0,2160.0,Man,white
0,14477.0,2161.0,Man,white
0,14481.0,2162.0,Man,white
0,14485.0,2163.0,Man,white
0,14489.0,2164.0,Man,white
0,14493.0,2165.0,Man,white
0,14497.0,2166.0,Man,white
0,14501.0,2167.0,Man,white
0,14505.0,2168.0,Man,white
0,14509.0,2169.0,Man,white
0,14513.0,2170.0,Man,white
0,14517.0,2171.0,Man,white
0,14521.0,2172.0,Man,white
0,14537.0,2173.0,Man,middle eastern
0,14541.0,2174.0,Man,white
0,14545.0,2175.0,Man,white
0,14549.0,2176.0,Man,white
0,14561.0,2177.0,Man,white
0,14565.0,2178.0,Man,white
0,14581.0,2179.0,Woman,white
1,14581.0,2180.0,Man,black
2,14581.0,2181.0,Woman,white
0,14585.0,2182.0,Woman,white
1,14585.0,2183.0,Man,black
2,14585.0,2184.0,Woman,white
0,14593.0,2185.0,Man,asian
0,14601.0,2186.0,Woman,white
0,14621.0,2187.0,Man,white
0,14637.0,2188.0,Man,asian
0,14641.0,2189.0,Man,white
0,14649.0,2190.0,Man,white
0,14665.0,2191.0,Woman,white
1,14665.0,2192.0,Woman,black
2,14665.0,2193.0,Man,white
3,14665.0,2194.0,Man,white
4,14665.0,2195.0,Man,black
0,14681.0,2196.0,Woman,black
0,14685.0,2197.0,Man,black
0,14689.0,2198.0,Man,white
0,14717.0,2199.0,Man,white
0,14721.0,2200.0,Man,white
0,14741.0,2201.0,Man,white
0,14749.0,2202.0,Man,white
0,14769.0,2203.0,Man,white
0,14777.0,2204.0,Man,middle eastern
0,14785.0,2205.0,Man,white
0,14817.0,2206.0,Man,middle eastern
0,14841.0,2207.0,Man,white
0,14845.0,2208.0,Man,white
0,14849.0,2209.0,Man,white
0,14853.0,2210.0,Man,white
0,14857.0,2211.0,Man,white
0,14877.0,2212.0,Woman,white
0,14881.0,2213.0,Man,latino hispanic
0,14893.0,2214.0,Man,white
0,14901.0,2215.0,Man,white
0,14905.0,2216.0,Man,middle eastern
0,14937.0,2217.0,Woman,white
0,14969.0,2218.0,Man,white
0,14981.0,2219.0,Man,asian
0,15061.0,2220.0,Man,white
0,15065.0,2221.0,Man,white
1,15065.0,2222.0,Woman,white
2,15065.0,2223.0,Woman,white
3,15065.0,2224.0,Man,asian
0,15073.0,2225.0,Woman,white
1,15073.0,2226.0,Man,white
2,15073.0,2227.0,Man,black
0,15109.0,2228.0,Man,white
1,15109.0,2229.0,Man,middle eastern
0,15113.0,2230.0,Man,latino hispanic
1,15113.0,2231.0,Man,middle eastern
0,15125.0,2232.0,Man,middle eastern
0,15141.0,2233.0,Man,white
0,15145.0,2234.0,Man,asian
0,15157.0,2235.0,Woman,white
0,15161.0,2236.0,Woman,white
0,15165.0,2237.0,Man,black
0,15177.0,2238.0,Man,latino hispanic
0,15181.0,2239.0,Woman,asian
1,15181.0,2240.0,Man,white
0,15189.0,2241.0,Man,latino hispanic
0,15193.0,2242.0,Man,black
0,15197.0,2243.0,Man,middle eastern
0,15201.0,2244.0,Man,white
0,15205.0,2245.0,Man,white
0,15209.0,2246.0,Man,white
0,15213.0,2247.0,Woman,white
0,15229.0,2248.0,Man,white
0,15233.0,2249.0,Man,white
0,15237.0,2250.0,Man,white
0,15257.0,2251.0,Man,latino hispanic
0,15261.0,2252.0,Woman,white
1,15261.0,2253.0,Man,middle eastern
0,15265.0,2254.0,Man,white
0,15269.0,2255.0,Man,white
0,15273.0,2256.0,Woman,white
0,15293.0,2257.0,Woman,white
0,15297.0,2258.0,Woman,white
0,15301.0,2259.0,Man,white
0,15325.0,2260.0,Woman,white
1,15325.0,2261.0,Man,black
0,15329.0,2262.0,Woman,asian
1,15329.0,2263.0,Man,black
0,15381.0,2264.0,Man,white
0,15385.0,2265.0,Man,white
0,15389.0,2266.0,Man,white
0,15393.0,2267.0,Man,black
0,15397.0,2268.0,Man,black
0,15405.0,2269.0,Man,black
0,15409.0,2270.0,Man,black
0,15413.0,2271.0,Man,white
0,15417.0,2272.0,Man,white
0,15421.0,2273.0,Man,white
0,15425.0,2274.0,Man,white
0,15429.0,2275.0,Man,black
0,15433.0,2276.0,Man,black
0,15437.0,2277.0,Man,white
0,15441.0,2278.0,Man,white
0,15453.0,2279.0,Man,black
0,15461.0,2280.0,Man,white
0,15465.0,2281.0,Man,black
0,15469.0,2282.0,Man,white
0,15473.0,2283.0,Man,white
0,15477.0,2284.0,Man,white
0,15481.0,2285.0,Man,white
0,15485.0,2286.0,Man,black
0,15537.0,2287.0,Woman,asian
1,15537.0,2288.0,Man,white
0,15541.0,2289.0,Woman,white
1,15541.0,2290.0,Man,white
0,15545.0,2291.0,Woman,white
1,15545.0,2292.0,Man,white
0,15569.0,2293.0,Man,white
0,15573.0,2294.0,Man,white
0,15577.0,2295.0,Man,white
0,15581.0,2296.0,Man,white
0,15585.0,2297.0,Man,white
0,15593.0,2298.0,Woman,white
1,15593.0,2299.0,Man,white
0,15597.0,2300.0,Woman,white
1,15597.0,2301.0,Man,white
0,15601.0,2302.0,Man,black
0,15605.0,2303.0,Man,white
0,15609.0,2304.0,Man,white
0,15613.0,2305.0,Man,asian
0,15617.0,2306.0,Man,white
0,15633.0,2307.0,Man,white
0,15637.0,2308.0,Man,white
0,15641.0,2309.0,Man,white
0,15645.0,2310.0,Man,white
0,15649.0,2311.0,Man,white
0,15653.0,2312.0,Man,latino hispanic
0,15657.0,2313.0,Man,white
0,15697.0,2314.0,Man,white
1,15697.0,2315.0,Woman,white
0,15713.0,2316.0,Man,white
0,15717.0,2317.0,Man,white
0,15721.0,2318.0,Man,white
0,15725.0,2319.0,Man,asian
0,15729.0,2320.0,Woman,white
0,15733.0,2321.0,Woman,white
0,15737.0,2322.0,Woman,white
0,15741.0,2323.0,Man,white
1,15741.0,2324.0,Man,white
0,15745.0,2325.0,Woman,middle eastern
0,15749.0,2326.0,Man,white
0,15753.0,2327.0,Man,black
1,15753.0,2328.0,Man,white
0,15757.0,2329.0,Man,black
1,15757.0,2330.0,Man,white
2,15757.0,2331.0,Man,black
0,15761.0,2332.0,Man,white
1,15761.0,2333.0,Man,black
0,15765.0,2334.0,Woman,white
0,15769.0,2335.0,Woman,white
0,15773.0,2336.0,Man,white
0,15777.0,2337.0,Man,white
1,15777.0,2338.0,Woman,white
0,15781.0,2339.0,Woman,white
0,15785.0,2340.0,Man,white
0,15789.0,2341.0,Man,white
0,15793.0,2342.0,Man,white
0,15797.0,2343.0,Woman,white
0,15801.0,2344.0,Man,white
